{
	"credit": "Made with Blockbench",
	"texture_size": [32, 32],
	"textures": {
		"0": "item/custom_sword_texture",
		"particle": "item/custom_sword_texture"
	},
	"elements": [
		{
			"from": [10.7, 30.7, 7.5],
			"to": [14.7, 31.7, 8.5],
			"rotation": {"angle": -22.5, "axis": "z", "origin": [2.9, 15, 7.9]},
			"faces": {
				"north": {"uv": [2, 2, 4, 2.5], "texture": "#0"},
				"east": {"uv": [9, 3, 9.5, 3.5], "texture": "#0"},
				"south": {"uv": [2, 2.5, 4, 3], "texture": "#0"},
				"west": {"uv": [9, 3.5, 9.5, 4], "texture": "#0"},
				"up": {"uv": [4, 3.5, 2, 3], "texture": "#0"},
				"down": {"uv": [4, 3.5, 2, 4], "texture": "#0"}
			}
		},
		{
			"from": [10.7, 29.7, 7.5],
			"to": [14.7, 30.7, 8.5],
			"rotation": {"angle": -22.5, "axis": "z", "origin": [2.9, 15, 7.9]},
			"faces": {
				"north": {"uv": [2, 4, 4, 4.5], "texture": "#0"},
				"east": {"uv": [9, 4, 9.5, 4.5], "texture": "#0"},
				"south": {"uv": [4, 2, 6, 2.5], "texture": "#0"},
				"west": {"uv": [9, 4.5, 9.5, 5], "texture": "#0"},
				"up": {"uv": [6, 3, 4, 2.5], "texture": "#0"},
				"down": {"uv": [6, 3, 4, 3.5], "texture": "#0"}
			}
		},
		{
			"from": [14.7, 29.7, 7.5],
			"to": [15.7, 30.7, 8.5],
			"rotation": {"angle": -22.5, "axis": "z", "origin": [2.9, 15, 7.9]},
			"faces": {
				"north": {"uv": [9, 5, 9.5, 5.5], "texture": "#0"},
				"east": {"uv": [9, 5.5, 9.5, 6], "texture": "#0"},
				"south": {"uv": [9, 6, 9.5, 6.5], "texture": "#0"},
				"west": {"uv": [9, 6.5, 9.5, 7], "texture": "#0"},
				"up": {"uv": [9.5, 7.5, 9, 7], "texture": "#0"},
				"down": {"uv": [9.5, 7.5, 9, 8], "texture": "#0"}
			}
		},
		{
			"from": [10.7, 28.7, 7.5],
			"to": [14.7, 29.7, 8.5],
			"rotation": {"angle": -22.5, "axis": "z", "origin": [2.9, 15, 7.9]},
			"faces": {
				"north": {"uv": [4, 3.5, 6, 4], "texture": "#0"},
				"east": {"uv": [9, 8, 9.5, 8.5], "texture": "#0"},
				"south": {"uv": [4, 4, 6, 4.5], "texture": "#0"},
				"west": {"uv": [9, 8.5, 9.5, 9], "texture": "#0"},
				"up": {"uv": [2, 5, 0, 4.5], "texture": "#0"},
				"down": {"uv": [4, 4.5, 2, 5], "texture": "#0"}
			}
		},
		{
			"from": [7.4, 28.7, 7.5],
			"to": [10.7, 29.7, 8.5],
			"rotation": {"angle": -22.5, "axis": "z", "origin": [2.9, 15, 7.9]},
			"faces": {
				"north": {"uv": [4, 4.5, 6, 5], "texture": "#0"},
				"east": {"uv": [9, 9, 9.5, 9.5], "texture": "#0"},
				"south": {"uv": [0, 5, 2, 5.5], "texture": "#0"},
				"west": {"uv": [0, 9.5, 0.5, 10], "texture": "#0"},
				"up": {"uv": [4, 5.5, 2, 5], "texture": "#0"},
				"down": {"uv": [6, 5, 4, 5.5], "texture": "#0"}
			}
		},
		{
			"from": [7.4, 29.7, 7.5],
			"to": [10.7, 30.7, 8.5],
			"rotation": {"angle": -22.5, "axis": "z", "origin": [2.9, 15, 7.9]},
			"faces": {
				"north": {"uv": [3, 7.5, 4.5, 8], "texture": "#0"},
				"east": {"uv": [9.5, 0, 10, 0.5], "texture": "#0"},
				"south": {"uv": [7.5, 4, 9, 4.5], "texture": "#0"},
				"west": {"uv": [0.5, 9.5, 1, 10], "texture": "#0"},
				"up": {"uv": [6, 8, 4.5, 7.5], "texture": "#0"},
				"down": {"uv": [9, 4.5, 7.5, 5], "texture": "#0"}
			}
		},
		{
			"from": [0.9, 9.4, 7.5],
			"to": [1.9, 13.4, 8.5],
			"rotation": {"angle": 22.5, "axis": "z", "origin": [2.9, 15, 7.9]},
			"faces": {
				"north": {"uv": [0, 5.5, 0.5, 7.5], "texture": "#0"},
				"east": {"uv": [0.5, 5.5, 1, 7.5], "texture": "#0"},
				"south": {"uv": [1, 5.5, 1.5, 7.5], "texture": "#0"},
				"west": {"uv": [1.5, 5.5, 2, 7.5], "texture": "#0"},
				"up": {"uv": [10, 1.5, 9.5, 1], "texture": "#0"},
				"down": {"uv": [2, 9.5, 1.5, 10], "texture": "#0"}
			}
		},
		{
			"from": [1.9, 9.4, 7.5],
			"to": [2.9, 13.4, 8.5],
			"rotation": {"angle": 22.5, "axis": "z", "origin": [2.9, 15, 7.9]},
			"faces": {
				"north": {"uv": [2, 5.5, 2.5, 7.5], "texture": "#0"},
				"east": {"uv": [2.5, 5.5, 3, 7.5], "texture": "#0"},
				"south": {"uv": [3, 5.5, 3.5, 7.5], "texture": "#0"},
				"west": {"uv": [3.5, 5.5, 4, 7.5], "texture": "#0"},
				"up": {"uv": [10, 2, 9.5, 1.5], "texture": "#0"},
				"down": {"uv": [2.5, 9.5, 2, 10], "texture": "#0"}
			}
		},
		{
			"from": [1.9, 8.4, 7.5],
			"to": [2.9, 9.4, 8.5],
			"rotation": {"angle": 22.5, "axis": "z", "origin": [2.9, 15, 7.9]},
			"faces": {
				"north": {"uv": [9.5, 2, 10, 2.5], "texture": "#0"},
				"east": {"uv": [2.5, 9.5, 3, 10], "texture": "#0"},
				"south": {"uv": [9.5, 2.5, 10, 3], "texture": "#0"},
				"west": {"uv": [3, 9.5, 3.5, 10], "texture": "#0"},
				"up": {"uv": [10, 3.5, 9.5, 3], "texture": "#0"},
				"down": {"uv": [4, 9.5, 3.5, 10], "texture": "#0"}
			}
		},
		{
			"from": [2.9, 9.4, 7.5],
			"to": [3.9, 13.4, 8.5],
			"rotation": {"angle": 22.5, "axis": "z", "origin": [2.9, 15, 7.9]},
			"faces": {
				"north": {"uv": [4, 5.5, 4.5, 7.5], "texture": "#0"},
				"east": {"uv": [4.5, 5.5, 5, 7.5], "texture": "#0"},
				"south": {"uv": [5, 5.5, 5.5, 7.5], "texture": "#0"},
				"west": {"uv": [5.5, 5.5, 6, 7.5], "texture": "#0"},
				"up": {"uv": [10, 4, 9.5, 3.5], "texture": "#0"},
				"down": {"uv": [4.5, 9.5, 4, 10], "texture": "#0"}
			}
		},
		{
			"from": [2.9, 13.4, 7.5],
			"to": [3.9, 16.5, 8.5],
			"rotation": {"angle": 22.5, "axis": "z", "origin": [2.9, 15, 7.9]},
			"faces": {
				"north": {"uv": [6, 2, 6.5, 4], "texture": "#0"},
				"east": {"uv": [6, 4, 6.5, 6], "texture": "#0"},
				"south": {"uv": [6, 6, 6.5, 8], "texture": "#0"},
				"west": {"uv": [6.5, 2, 7, 4], "texture": "#0"},
				"up": {"uv": [10, 4.5, 9.5, 4], "texture": "#0"},
				"down": {"uv": [5, 9.5, 4.5, 10], "texture": "#0"}
			}
		},
		{
			"from": [1.9, 13.4, 7.5],
			"to": [2.9, 16.4, 8.5],
			"rotation": {"angle": 22.5, "axis": "z", "origin": [2.9, 15, 7.9]},
			"faces": {
				"north": {"uv": [7.5, 5, 8, 6.5], "texture": "#0"},
				"east": {"uv": [7.5, 6.5, 8, 8], "texture": "#0"},
				"south": {"uv": [8, 0, 8.5, 1.5], "texture": "#0"},
				"west": {"uv": [8, 1.5, 8.5, 3], "texture": "#0"},
				"up": {"uv": [10, 5, 9.5, 4.5], "texture": "#0"},
				"down": {"uv": [5.5, 9.5, 5, 10], "texture": "#0"}
			}
		},
		{
			"from": [1.6, 15.7, 7.5],
			"to": [2.6, 18.6, 8.5],
			"rotation": {"angle": -45, "axis": "z", "origin": [2.9, 15, 7.9]},
			"faces": {
				"north": {"uv": [6.5, 4, 7, 5.5], "texture": "#0"},
				"east": {"uv": [6.5, 6, 7, 8], "texture": "#0"},
				"south": {"uv": [7.5, 2, 8, 3], "texture": "#0"},
				"west": {"uv": [7, 4, 7.5, 6], "texture": "#0"},
				"up": {"uv": [10, 5.5, 9.5, 5], "texture": "#0"},
				"down": {"uv": [6, 9.5, 5.5, 10], "texture": "#0"}
			}
		},
		{
			"from": [1.6, 27.6, 7.5],
			"to": [2.6, 30.3, 8.5],
			"rotation": {"angle": -45, "axis": "z", "origin": [2.9, 15, 7.9]},
			"faces": {
				"north": {"uv": [6.5, 4, 7, 6], "texture": "#0"},
				"east": {"uv": [6.5, 6, 7, 8], "texture": "#0"},
				"south": {"uv": [7.5, 2, 8, 3], "texture": "#0"},
				"west": {"uv": [7, 4, 7.5, 6], "texture": "#0"},
				"up": {"uv": [10, 5.5, 9.5, 5], "texture": "#0"},
				"down": {"uv": [6, 9.5, 5.5, 10], "texture": "#0"}
			}
		},
		{
			"from": [0.6, 14.6, 7.5],
			"to": [1.6, 18.6, 8.5],
			"rotation": {"angle": -45, "axis": "z", "origin": [2.9, 15, 7.9]},
			"faces": {
				"north": {"uv": [7, 6, 7.5, 8], "texture": "#0"},
				"east": {"uv": [0, 7.5, 0.5, 9.5], "texture": "#0"},
				"south": {"uv": [0.5, 7.5, 1, 9.5], "texture": "#0"},
				"west": {"uv": [1, 7.5, 1.5, 9.5], "texture": "#0"},
				"up": {"uv": [10, 6, 9.5, 5.5], "texture": "#0"},
				"down": {"uv": [6.5, 9.5, 6, 10], "texture": "#0"}
			}
		},
		{
			"from": [-0.4, 15.6, 7.5],
			"to": [0.6, 18.6, 8.5],
			"rotation": {"angle": -45, "axis": "z", "origin": [2.9, 15, 7.9]},
			"faces": {
				"north": {"uv": [3, 8, 3.5, 9.5], "texture": "#0"},
				"east": {"uv": [3.5, 8, 4, 9.5], "texture": "#0"},
				"south": {"uv": [4, 8, 4.5, 9.5], "texture": "#0"},
				"west": {"uv": [4.5, 8, 5, 9.5], "texture": "#0"},
				"up": {"uv": [10, 6.5, 9.5, 6], "texture": "#0"},
				"down": {"uv": [7, 9.5, 6.5, 10], "texture": "#0"}
			}
		},
		{
			"from": [-0.4, 18.6, 7.5],
			"to": [0.6, 20.6, 8.5],
			"rotation": {"angle": -45, "axis": "z", "origin": [2.9, 15, 7.9]},
			"faces": {
				"north": {"uv": [8, 3, 8.5, 4], "texture": "#0"},
				"east": {"uv": [8.5, 3, 9, 4], "texture": "#0"},
				"south": {"uv": [8.5, 6.5, 9, 7.5], "texture": "#0"},
				"west": {"uv": [8.5, 7.5, 9, 8.5], "texture": "#0"},
				"up": {"uv": [10, 7, 9.5, 6.5], "texture": "#0"},
				"down": {"uv": [7.5, 9.5, 7, 10], "texture": "#0"}
			}
		},
		{
			"from": [0.6, 18.6, 7.5],
			"to": [1.6, 21.6, 8.5],
			"rotation": {"angle": -45, "axis": "z", "origin": [2.9, 15, 7.9]},
			"faces": {
				"north": {"uv": [5, 8, 5.5, 9.5], "texture": "#0"},
				"east": {"uv": [8, 5, 8.5, 6.5], "texture": "#0"},
				"south": {"uv": [5.5, 8, 6, 9.5], "texture": "#0"},
				"west": {"uv": [6, 8, 6.5, 9.5], "texture": "#0"},
				"up": {"uv": [10, 7.5, 9.5, 7], "texture": "#0"},
				"down": {"uv": [8, 9.5, 7.5, 10], "texture": "#0"}
			}
		},
		{
			"from": [0.6, 28.3, 7.5],
			"to": [1.6, 31.3, 8.5],
			"rotation": {"angle": -45, "axis": "z", "origin": [2.9, 15, 7.9]},
			"faces": {
				"north": {"uv": [6.5, 8, 7, 9.5], "texture": "#0"},
				"east": {"uv": [8, 6.5, 8.5, 8], "texture": "#0"},
				"south": {"uv": [7, 8, 7.5, 9.5], "texture": "#0"},
				"west": {"uv": [7.5, 8, 8, 9.5], "texture": "#0"},
				"up": {"uv": [10, 8, 9.5, 7.5], "texture": "#0"},
				"down": {"uv": [8.5, 9.5, 8, 10], "texture": "#0"}
			}
		},
		{
			"from": [0.6, 24.3, 7.5],
			"to": [1.6, 28.3, 8.5],
			"rotation": {"angle": -45, "axis": "z", "origin": [2.9, 15, 7.9]},
			"faces": {
				"north": {"uv": [1.5, 7.5, 2, 9.5], "texture": "#0"},
				"east": {"uv": [2, 7.5, 2.5, 9.5], "texture": "#0"},
				"south": {"uv": [7.5, 2, 8, 4], "texture": "#0"},
				"west": {"uv": [2.5, 7.5, 3, 9.5], "texture": "#0"},
				"up": {"uv": [10, 8.5, 9.5, 8], "texture": "#0"},
				"down": {"uv": [9, 9.5, 8.5, 10], "texture": "#0"}
			}
		},
		{
			"from": [1.6, 20.3, 7.5],
			"to": [2.6, 25.3, 8.5],
			"rotation": {"angle": -45, "axis": "z", "origin": [2.9, 15, 7.9]},
			"faces": {
				"north": {"uv": [0, 2, 0.5, 4.5], "texture": "#0"},
				"east": {"uv": [0.5, 2, 1, 4.5], "texture": "#0"},
				"south": {"uv": [1, 2, 1.5, 4.5], "texture": "#0"},
				"west": {"uv": [1.5, 2, 2, 4.5], "texture": "#0"},
				"up": {"uv": [10, 9, 9.5, 8.5], "texture": "#0"},
				"down": {"uv": [9.5, 9.5, 9, 10], "texture": "#0"}
			}
		},
		{
			"from": [-0.4, 25.3, 7.5],
			"to": [0.6, 28.3, 8.5],
			"rotation": {"angle": -45, "axis": "z", "origin": [2.9, 15, 7.9]},
			"faces": {
				"north": {"uv": [8, 8, 8.5, 9.5], "texture": "#0"},
				"east": {"uv": [8.5, 0, 9, 1.5], "texture": "#0"},
				"south": {"uv": [8.5, 1.5, 9, 3], "texture": "#0"},
				"west": {"uv": [8.5, 5, 9, 6.5], "texture": "#0"},
				"up": {"uv": [10, 9.5, 9.5, 9], "texture": "#0"},
				"down": {"uv": [10, 9.5, 9.5, 10], "texture": "#0"}
			}
		},
		{
			"from": [-1.4, 26.7, 7.5],
			"to": [-0.4, 28.9, 8.5],
			"rotation": {"angle": -45, "axis": "z", "origin": [2.9, 15, 7.9]},
			"faces": {
				"north": {"uv": [8, 8, 8.5, 9.5], "texture": "#0"},
				"east": {"uv": [8.5, 0, 9, 1.5], "texture": "#0"},
				"south": {"uv": [8.5, 1.5, 9, 3], "texture": "#0"},
				"west": {"uv": [8.5, 5, 9, 6.5], "texture": "#0"},
				"up": {"uv": [10, 9.5, 9.5, 9], "texture": "#0"},
				"down": {"uv": [10, 9.5, 9.5, 10], "texture": "#0"}
			}
		},
		{
			"from": [-1.4, 16.7, 7.5],
			"to": [-0.4, 18.9, 8.5],
			"rotation": {"angle": -45, "axis": "z", "origin": [2.9, 15, 7.9]},
			"faces": {
				"north": {"uv": [8, 8, 8.5, 9.5], "texture": "#0"},
				"east": {"uv": [8.5, 0, 9, 1.5], "texture": "#0"},
				"south": {"uv": [8.5, 1.5, 9, 3], "texture": "#0"},
				"west": {"uv": [8.5, 5, 9, 6.5], "texture": "#0"},
				"up": {"uv": [10, 9.5, 9.5, 9], "texture": "#0"},
				"down": {"uv": [10, 9.5, 9.5, 10], "texture": "#0"}
			}
		},
		{
			"from": [-0.4, 28.3, 7.5],
			"to": [0.6, 30.3, 8.5],
			"rotation": {"angle": -45, "axis": "z", "origin": [2.9, 15, 7.9]},
			"faces": {
				"north": {"uv": [8.5, 8.5, 9, 9.5], "texture": "#0"},
				"east": {"uv": [9, 0, 9.5, 1], "texture": "#0"},
				"south": {"uv": [9, 1, 9.5, 2], "texture": "#0"},
				"west": {"uv": [9, 2, 9.5, 3], "texture": "#0"},
				"up": {"uv": [0.5, 10.5, 0, 10], "texture": "#0"},
				"down": {"uv": [10.5, 0, 10, 0.5], "texture": "#0"}
			}
		},
		{
			"from": [3.92788, 12.16252, 7.8],
			"to": [13.82788, 12.56252, 8.2],
			"rotation": {"angle": 22.5, "axis": "z", "origin": [4.6, 12.8, 8]},
			"faces": {
				"north": {"uv": [0, 0, 8, 0.5], "texture": "#0"},
				"east": {"uv": [9.5, 0.5, 10, 1], "texture": "#0"},
				"south": {"uv": [0, 0.5, 8, 1], "texture": "#0"},
				"west": {"uv": [1, 9.5, 1.5, 10], "texture": "#0"},
				"up": {"uv": [8, 1.5, 0, 1], "texture": "#0"},
				"down": {"uv": [8, 1.5, 0, 2], "texture": "#0"}
			}
		},
		{
			"from": [16.32042, 15.02351, 7.8],
			"to": [16.72042, 24.12351, 8.2],
			"rotation": {"angle": -22.5, "axis": "z", "origin": [17.13744, 23.78439, 8]},
			"faces": {
				"north": {"uv": [0, 0, 8, 0.5], "rotation": 270, "texture": "#0"},
				"east": {"uv": [8, 1.5, 0, 1], "rotation": 90, "texture": "#0"},
				"south": {"uv": [0, 0.5, 8, 1], "rotation": 90, "texture": "#0"},
				"west": {"uv": [8, 1.5, 0, 2], "rotation": 90, "texture": "#0"},
				"up": {"uv": [1, 9.5, 1.5, 10], "rotation": 90, "texture": "#0"},
				"down": {"uv": [9.5, 0.5, 10, 1], "rotation": 90, "texture": "#0"}
			}
		}
	],
	"display": {
		"thirdperson_righthand": {
			"rotation": [74, -90, 117],
			"translation": [0, -11, 9]
		},
		"thirdperson_lefthand": {
			"rotation": [63, 90, -104],
			"translation": [0, -11.5, 8.25]
		},
		"firstperson_righthand": {
			"rotation": [23, -85, 54],
			"translation": [2, -4.25, 1.25],
			"scale": [0.9, 0.9, 0.9]
		},
		"firstperson_lefthand": {
			"rotation": [0, 88, -38],
			"translation": [1.5, -3, 3.25]
		},
		"ground": {
			"scale": [0.46, 0.46, 1]
		},
		"gui": {
			"rotation": [0, 146, 0],
			"translation": [1.25, -7.25, 0],
			"scale": [0.7, 0.7, 0.7]
		},
		"head": {
			"translation": [2.25, 11.25, 0]
		},
		"fixed": {
			"translation": [-2.5, -10.25, 0]
		}
	},
	"groups": [
		{
			"name": "BOW",
			"origin": [4.3, 15, 8],
			"color": 0,
			"children": [
				{
					"name": "Right",
					"origin": [2.9, 15, 7.9],
					"color": 0,
					"children": [0, 1, 2, 3, 4, 5]
				},
				{
					"name": "Left",
					"origin": [2.9, 15, 7.9],
					"color": 0,
					"children": [6, 7, 8, 9, 10, 11]
				},
				{
					"name": "Left",
					"origin": [2.9, 15, 7.9],
					"color": 0,
					"children": [12, 13, 14, 15, 16, 17, 18, 19, 20, 21, 22, 23, 24]
				}
			]
		},
		25,
		26
	]
}